0.1156117347530629,0.004772224400117304,0.00028338659071879604,0.01008005572412887
0.1011753238283788,0.0010720063414565925,0.00022695900778288165,0.020439356091154083
0.1132883776160059,0.017459667711406193,0.000134621312961655,0.004870004098813543
0.09012011557099049,0.004954830747217913,0.0002209857445074818,0.030855281894113223
0.10342761594299793,0.006668564291434913,0.0005493267762794072,0.01407177151957446
0.09512893598521473,0.0010597988157778414,0.0010105866870222784,0.003978124015431972
0.07898008447403103,0.010554671193323949,0.000927988159768917,0.013031802508571957
0.1138141680020018,0.013192311220564823,0.0001534051599404526,0.0031538100143262875
0.11166014823913722,0.012823274245644802,0.0003918037817573141,0.0031001780481879205
0.1069260168233302,0.00034857925074733285,0.0001030368175153018,0.02488820653091013
0.10759194488488633,0.012467591257738704,0.0002933590444150753,0.006033339814199579
0.12187123853564777,0.0035276331051015213,2.9278146217666955e-5,0.00926227413062878
0.07006535722364962,0.012001461662302792,0.0011538359065607151,0.00939358116293097
0.08244991402965775,0.013882516318254002,0.0006224883411481701,0.02269219508401173
0.09386246691901094,0.007658832470508928,0.0006809868241023053,0.0034448247639678985
0.08770270378747698,0.030364258780686274,0.00042901918528855413,0.004431551993659414
0.07162211983227736,0.02768084617466154,5.4197318370399145e-5,0.018210281170703307
0.08405320433026561,0.004495618692652092,6.713343286976555e-6,0.0458052170646197
0.11192594186388252,0.0034391794890979376,0.00037171688764535323,0.020039305952941764
0.1024794057949067,0.007685291565511088,8.542471339171453e-5,0.01252595849621143
0.09546522169144443,0.0186631732851541,0.00019861444472325066,0.009769597482367717
0.08035023826189412,0.017194929657016876,0.0007534646139892588,0.010299673999521159
0.044893668043680966,0.05439257714929575,0.0003059276293861365,0.004782128807033561
0.10764848659884728,0.012766345330747818,2.1222065575736726e-5,0.0032770333782009354
0.041002007725808066,0.06526179659458312,0.0002516943484579046,0.004009627362516379
0.04911268438392604,0.05111415012430366,0.00015105559101677047,0.007242665028056149
0.09085376613165663,0.008721107410277545,7.180366914840261e-5,0.03163634080937251
0.09054124218196447,0.0036078601122078173,0.0004120022739295376,0.027926777647879736
0.11952662447398402,0.013035250471661852,9.794578980762972e-5,0.004916285270872237
0.11706008277942655,0.012689957362363594,0.0002638592883953477,0.0006013965726921301
0.08673985646539786,0.0030483721671642375,0.0006956749848216032,0.025530158505208102
0.10964413873875953,0.012071513237661625,0.00011993669891384696,0.011226896300805688
0.08892512650369393,0.0074811792926715885,0.00076044726068389,0.016402270703108367
0.09116702455572927,0.006244852112896967,0.0004353628381230801,0.019858774573027073
0.053163644910174425,0.025722865525422092,0.000809882774746138,0.005551782076039841
0.09799698905016604,0.006811177867073926,0.000531625731291762,0.015637438800913932
0.08945890851769399,0.0040659455860470395,0.0012328553121451551,0.0030724058732372332
0.11620753216816095,0.0010204471505163776,0.00032837673476159956,0.016658460490888063
0.08348115291102853,0.027286635763559365,0.0001212580979165588,0.013384327092427362
0.08017078515758622,0.03147037355674748,0.0005191070893810576,0.005924151749981687
0.12166014853904708,0.0005257657371064248,0.00016302947288687107,0.01815592695465836
0.10543717400243843,0.0047776982777033685,8.857833579662777e-5,0.019467604083178665
0.07548942257392163,0.012228940428035597,0.0011401012492210769,0.0021830806019162534
0.07183181666501282,0.03287356174578018,0.0005698982540176787,0.0072870374500411655
0.07828143539621195,0.0066564403045806025,0.0002895911358694447,0.031902157225473515
0.1064326021607198,0.002783843493666872,7.319483344392209e-5,0.03252917864613476
0.07533721839504166,0.04419214484145245,1.888236967503054e-5,0.002489666973106818
0.09644943098852865,0.016358376016777715,0.0004106215702888049,0.005185315824194674
0.09705372281828022,0.0011526996803065213,0.0016088382607288873,0.004312725190243897
0.09226769780567297,0.019989856484290358,0.00023608676025016286,0.006232330946429124
0.12162418520681989,0.0008950531508392186,0.0002543917509019801,0.017387142150311594
0.09602226143452225,0.017181193572988446,0.0003270908378672579,0.011500170410048796
0.11328732697652177,0.002857234709280163,0.00037156317258203584,0.007741377153872601
0.11186377090243456,0.0043902376412536396,3.222078742372324e-5,0.017626526552164172
0.06342954295700272,0.042890797775030305,0.0001459115515230296,0.0021934958845289533
0.10608221222390411,0.020049239168405415,0.0001864463230232007,0.0011020611921505514
0.10084639856791139,0.0195976348105944,0.0003360376964310355,0.010804297708928464
0.07066951594550694,0.02226053631305202,0.000619987410191022,0.011362728161493234
0.09746222997002958,0.02251432796849316,0.0003730593285262982,0.004367924109928923
0.0782087331694262,0.021318300177597903,0.0009103083611695551,0.003600446760904616
0.08993903624584364,0.002441893375335618,0.0015780615869932179,0.0003964429992337286
0.10956849359922174,0.007973837951427261,0.00021464634505594845,0.006795964606533177
0.1152112931788401,0.005381376431759609,0.00032462965208534373,0.0018907050674150734
0.066687057985192,0.045051664464175877,3.6538373167086636e-5,0.004204360999731296
0.07643037622107547,0.03183981875880113,0.0006390616513058238,0.005573410770929334
0.09486805970021349,0.01443712357771078,0.00011476565935531511,0.016768750919271797
0.05600113115641855,0.03496556297691789,0.00043486660217338706,0.01366639687738358
0.10918020310472347,0.004707143502279339,9.2424195613684e-6,0.029423944353287726
0.11131490534725758,0.00047978902548035665,0.0009146077740958581,0.0011153415865231395
0.0713373060644246,0.03925907704330595,2.0013860101257123e-5,0.007349504769256862
0.11123295701816427,0.004455393708546882,0.0007448276527725661,0.00012931414218255179
0.10785154356692865,0.010919738188164682,0.00024050564207611324,0.005695936735692061
0.12290373525763569,0.0019368758906174832,0.0002372020535103499,0.008281495219657065
0.06488502109705303,0.029756553642535728,0.0003236116445506678,0.008291772140464398
0.046635431674415966,0.03873702043054011,0.0004961713779109266,0.013834701345566953
0.09699459518547099,0.02554109289340921,5.84829642374249e-5,0.005670931781069271
0.1013032653743716,0.010072278090247836,0.00016175126982304,0.013143852252311754
0.0845747645072069,0.019172650715402483,2.911934393585413e-5,0.023682093528103403
0.09147562816213485,0.013752351282264265,0.00035578055719022065,0.011003624443310357
0.05705018629835717,0.047524191786196844,0.0001607684765404848,0.02089811262566647
0.09199816319184255,0.021133898822828602,6.296161185508007e-5,0.011685227803736625
0.12460195060688405,0.0027104516670660712,0.0006316281569833031,0.0006575220246011395
0.10099027935107696,0.013164951792166351,0.0007521875084753869,0.002151318446101111
0.10181466040736455,0.0002656552310026775,0.0003236320794222543,0.022078441878447784
0.08963930695213645,0.025816544525011385,0.00030731180136173446,0.004582442283948285
0.12067638818011447,0.010724262382716256,8.117702629899399e-5,0.003536903750082103
0.03526234712062553,0.05538932578510293,0.0004295942139787009,0.008024961935637492
0.10367411410270247,0.020793882255885132,0.00015035014070113113,0.009052702166191827
0.10595339053627602,0.02857551176316707,1.1171354363774647e-5,0.0022548907874540896
0.055756028571351104,0.04751693411831167,0.00025656436324959363,0.006964478525557198
0.053723806613002335,0.057223013001247616,3.0190913659205195e-5,0.005932670301077195
0.07291197379280938,0.024870400175230248,0.0006780643971496161,0.007161105281047329
0.12230139542272865,0.009735344380478638,0.0002889908142912366,0.006918384824999839
0.10188360461080603,0.0020008168735128297,0.0008791019833872966,0.004989399328441371
0.12008553868130813,0.008627955435703199,0.00011028487809541322,0.00899703474461366
0.08792396549853732,0.007310961690788773,0.0008908556215974228,0.015856054205766294
0.06059561763406401,0.004540716900004331,0.00017987524268239422,0.0612879266531723
0.1092586597172556,0.015411731173089246,0.00012592621458843182,0.00021946434435085566
0.09516600964210928,0.005784541014984014,0.00010733442241654287,0.026178013902614976
0.0800561597463197,0.026743135955909422,0.00020574636858836998,0.007033349314666931
0.07849528000936197,0.03163519759212368,0.00031938109671928204,0.004783442538436603
0.05482471238443126,0.03159789250012368,1.131232792309188e-5,0.03861473180093106
0.07996470239680763,0.01885785343154462,0.0005843203463436007,0.012365853711755803
0.11043756024851749,0.0031071814516833228,0.0009528356656033533,0.0005711828190947784
0.09522114146124395,0.017541971860444355,0.00013961118090905937,0.008163306310786165
0.090323335575959,0.02195365318582619,0.0005375799105890042,0.006238614765459385
0.11680087226739395,0.00975276971479253,0.00031701441012722646,0.000619793545646866
0.09287292693176971,0.01966909384583235,0.00011152738162848508,0.010067355188696945
0.0844357627284485,0.010696368990478461,0.0011542743407414356,0.005691975907487947
0.10133868083257687,0.011537053378443957,0.0006937270969779874,0.002878561709649969
0.08973216813838654,0.012647710606359922,0.000614277098679905,0.009433174056490525
0.08991844558889858,0.02268167203561147,4.1340084170784174e-5,0.01378371528408689
0.09904941460439795,0.014347716861747928,0.0002959450828876993,0.014401986221970866
0.07840026119330432,0.02061979322082511,0.0002049572249286242,0.015978507569254827
0.12186409650851053,0.010121397559266622,7.349127920300114e-5,0.005219182806309151
0.08422619258418965,0.028475795087703103,7.893852010578313e-5,0.006331894926650783
0.1085119405625982,0.007173596053285168,0.0004102481912454488,0.011057613022682067
0.10554311891132799,0.004357813155724295,0.00019240052201097678,0.011092378023013166
0.10659544062998855,0.0111336714751649,0.00011513913438909332,0.019071760230678074
0.08983996590335955,0.028011375013114962,0.00017635446133310357,0.005529896287736188
0.08444633736525303,0.010216464627038702,0.00036766798045728254,0.0250594727883824
0.10584979709291746,0.009678537735694335,7.912880740131462e-5,0.015537964746369455
0.07526301909602212,0.007933979229996576,0.00018870095452656308,0.03563587986013238
0.09419434876281697,0.014818796216736933,0.0005029979684322979,0.013400352014485613
0.08880020532301129,0.01674863568683128,0.00038432424647412997,0.016991282486519137
0.06969295704370786,0.012187950465452374,0.0010164722984508082,0.016390681587697728
0.11013294815828205,0.011886272139062699,0.0003608265532382572,0.0035315871815532465
0.09283378244472311,0.0001257334828932003,0.0007417639290859094,0.02818751197733922
0.12449250245263849,0.005081351741672971,0.0003396959050738669,0.001923614086420075
0.1054846631357764,0.008339445874952738,0.0006606881122057053,0.003396068019571027
0.07897365537931,0.00496052554225086,0.001366308079404857,0.010721952229730871
0.09072764141935094,0.0236862128576368,0.00019943349798541386,0.006926652925816789
0.094545444738926,0.0017053468570609799,0.00040619469030996535,0.017994264614692838
0.07481690693699528,0.04404398415373258,0.00011716477247564789,0.0045255235736413315
0.08241556350103206,0.03742623478689797,2.126802835530141e-5,0.003380533398675047
0.09504300888986554,0.017596629469299765,0.0007336934243929093,0.0005976378971386555
0.09208351528443309,0.00451409573244649,3.709210938583415e-5,0.02622683622417216
0.08402032574004538,0.003187148626204002,0.001173962404475079,0.012181249715007243
0.0644250359151289,0.04247852745894474,0.00042256298470094077,0.006470673274108456
0.10760346129551115,0.012778351519394611,0.00023680079874342945,0.004718779333527335
0.06174687224722881,0.035701328603430074,1.6782597634468345e-5,0.01887995848949505
0.08789842154635351,0.022399939016853065,0.0001821912871948767,0.010836657490612607
0.09156777151937061,0.030548222183361538,0.00022842930135510335,0.0022565760002902775
0.06076357365827306,0.0419023998683865,0.0004658599014246848,0.0040251154086351736
0.10933047522239303,0.005489642364335187,0.0002731317548815729,0.012617622475977558
0.0731452690176046,0.026920897293178776,0.00044407942150322165,0.014686397878917581
0.119668356020027,0.00220682394336347,0.00026361306172254054,0.015627887895280836
0.05427345312894179,0.031902185120969345,0.000986343272206108,0.008227923804126172
0.07294049587831956,0.03431964460947707,0.00013168048764598806,0.010555814861127057
0.08268855200660973,0.03146700929849228,1.6916876192226e-5,0.002054976341081445
0.11859131047064304,0.002898237938298272,9.48899493342559e-5,0.01173468105681023
0.09023771245103232,0.005621204776159071,0.0008375779049639978,0.005309199133155123
0.06448407679908569,0.04280536052702412,0.0003191609548130277,0.0003850898043433452
0.11229415011587109,0.014471566657771004,0.00012327780225203263,0.002840878800046158
0.09244664332916144,0.02405737382341579,0.0001880576285359066,0.007450663243412245
0.07438725815605422,0.0184852112305042,0.0012551919024628478,0.005285432094709064
0.06483255348899279,0.03836073867904998,0.00022840103333701111,0.013174079174085003
0.11905669100757026,0.008432024110933906,6.772160526729846e-5,0.007817348647959054
0.08707855918210346,0.01694868278142669,0.00026066028574355774,0.01425322273049595
0.09071141064074412,0.011825984100294144,0.00013259279417805427,0.025402733528922705
0.10307268776797765,0.027570468546812235,9.382555624818418e-6,0.002368032708039001
0.0683565314324467,0.028849625866089662,0.00043808831887253623,0.013466195815986615
0.07560506099939603,0.030889627383928017,9.849137476332836e-5,0.014501806670700428
0.08305622919386828,0.03542660020258981,6.345950923140916e-5,0.005361879924362979
0.08353321357607672,0.02264746041909278,0.0006646342652138752,0.0011930629386976603
0.10878119070950888,0.0038233011074529527,0.0006555679031431333,5.2623825971204776e-5
0.09088397822719678,0.0054292548323004695,0.00016074173459658048,0.023589145092720316
0.09722266462825663,0.010933407185378025,0.000578102366685121,0.011082412383598188
0.0760727988720473,0.030458209851969894,0.00017532604226757923,0.017293427600462312
0.09412949011814203,0.013053359818928585,0.0008483040504722576,0.0027847623607706127
0.12264113720183378,0.0017948054734868563,0.00025858113221794495,0.007970591048204996
0.11340940357562831,0.006069653586707196,7.394156653018906e-5,0.011204686054947243
0.08730590742841436,0.01574847717319802,0.00045481842459826107,0.012218819857103713
0.08558389007611156,0.007839184526437313,0.00038498648637988085,0.022313963051009474
0.12731761928675486,0.007313154961173846,0.00015075973084800973,0.009329243719722012
0.06093589703161319,0.02296818103652214,0.001364978253477288,0.0058314241395649715
0.07352476397401074,0.031218043434588925,0.00019421643053643524,0.015053340896970444
0.10225584316021435,0.005020839226935981,0.00045835436464075727,0.014013920066352204
0.08147153936833434,0.014496080128905815,0.0014812653761730554,0.001678412061688568
0.07443050667550918,0.032616370626109,0.00012074383212387479,0.0023018227138942924
0.08272714405478608,0.02080110988335164,0.0002646783003987537,0.010562024578528895
0.12186039810833754,0.0008189508143592051,0.0005727588392251142,0.003682078459461005
0.07632751369496157,0.007423038598163236,0.0011066364466659749,0.01429059582143809
0.09172596597726218,0.024593805614723345,0.0003773310374655961,0.000511062427881318
0.08754744119155684,0.028606304757647773,0.00022333096624496866,0.011885784799896708
0.11237362302421743,0.002818341193227982,9.94714848768366e-5,0.017464028026044257
0.08256404008841083,0.02932879640158907,0.0003860007633850346,0.004014311748191413
0.1144065581582027,0.0012740961647006949,4.023312882095417e-5,0.015522667934495304
0.09407816529576055,0.010509940549094538,0.0002955457732387252,0.0219725634872862
0.11052014148627519,0.018758381387267514,7.584249232106058e-5,0.0023760469029655124
0.0992612478705503,0.005726112361820675,0.0006709107982400336,0.008972077599295742
0.08249869151200369,0.03900170016803653,4.9477057555597706e-5,0.005555961432930278
0.10406786651352597,0.005984416678794348,0.0006050894747605124,0.006459921287124026
0.09045875027350078,0.012706998111140783,0.00015075191105442756,0.02423223878789555
0.10191603840090108,0.013355835108029599,0.00040497664557082995,0.010420597292368203
0.10264240429361049,0.016287314466140713,9.79661702512784e-5,0.007869682012398176
0.07532659974923249,0.0180303625575021,9.499220675341283e-5,0.027226817251133354
0.1020830083498535,0.0008886706833289091,0.0003299447346611055,0.02452205722557804
0.07988728020278757,0.02006289122003622,0.0005221116604826513,0.006313225561084656
0.11577528226279193,0.005594367016914689,0.00048139269765058517,0.0002802453694673684
0.11525316788466411,0.01025066034274874,0.00017088752442286,0.006927456201166921
0.09762446369018851,0.007927300884163206,0.0008824033742019509,0.0011905227924228318
0.08645314672969268,0.034998082130733014,0.00013635356737305864,0.001029991418875169
0.0953623192083954,0.01208751992650965,0.0006908706344901005,0.00891348124854355
0.10889968433526119,0.007238651256563561,0.0005459804822567655,0.002794706689413853
0.08504328553439314,0.03625960991758694,5.279759322451597e-5,0.007528078424316904
0.0880370406426151,0.019120047495788918,0.000466527694119106,0.009135500682874043
0.07925718513823256,0.03362312924485807,0.0003352961037229918,0.004186872701556673
0.088197065278644,0.020066289721689713,0.00021375990762681696,0.011177554892155023
0.08199288681351172,0.009985037295856434,0.0012635313073210011,0.0019279874876788736
0.04527772214191707,0.05422064090310191,2.007889427350754e-5,0.006818222460489301
0.0992724040572637,0.019418456962738077,0.00046592908156806113,0.0005700980712650631
0.041850437562273364,0.05835115175082298,8.468254470065712e-5,0.0051130589786094055
0.09249969488751007,0.02068590611486202,0.00039382069847148906,0.011593883658775995
0.08875549536419558,0.00425424661023504,0.0006674544610021365,0.018964318973970908
0.06305181733276838,0.012540123993775002,0.0011112092237434983,0.012389985368493324
0.04698763219310064,0.03860638338111945,0.00038416736780098827,0.01680493840148289
0.09703114370255993,0.0009083835221313965,0.00019263947576925067,0.029487698800194594
0.09265801892912073,0.02183400493213236,0.0001470250078736467,0.009209308391044
0.09141985045047758,0.029228004111891106,5.426989300521952e-6,0.002457729131363399
0.10811519938606379,0.019561630291228125,5.5811637114846576e-5,0.0030084087579736528
0.11798613489048283,0.0022702897629583245,0.00024752212151247534,0.015608802787941311
0.10487031635937169,0.007130612446355264,0.0001774054627290545,0.009400165823730435
0.09842401921684714,0.02181881624299635,0.00022461166837768422,0.0036112612545435466
0.09586391249899363,0.012219274158930399,0.0011139368966659794,0.0011506412732238413
0.08937704774213057,0.008652120558602119,1.3624687598255228e-5,0.029543196869441197
0.09994123617545538,0.012324972919039452,0.0006720135432363827,0.003564817415541877
0.06362518899606395,0.025156609258228303,0.0010579247134364545,0.006673714006304322
0.08594722478328977,0.020071978722018925,0.00042584323008548167,0.006354271324835465
0.13151333150413852,0.00043375105525886564,0.00025595181066803485,0.0003582184125376757
0.1283681384036548,0.00046024480818364675,0.0005700820116239896,0.0018305930524055707
0.11138832611392831,0.006981029889731077,8.314956102726631e-5,0.016874163835201125
0.09284061751400553,0.003983139094383802,0.0009369821066414223,0.01747285888239807
0.11003866311615773,0.012526104869743761,7.8245991209345e-5,0.006085365271308782
0.07870585005402689,0.03774713881490116,0.00015148277529369346,0.009723677126232991
0.10617449432396103,0.014163524659023378,0.0005531848890610058,0.0014595942982312544
0.09339337948411722,0.021001008747012294,5.0239188055163575e-5,0.017686691487874693
0.0990915210299125,0.01836857056942888,0.00033496579420137177,0.0030042127767058494
0.09138895472647977,0.03232173617979356,0.000234321052075731,0.0014458515908684036
0.07558881416819226,0.02109309632658078,0.00016812896380330824,0.026027797648894666
0.10776364782216234,0.018258002095860905,0.0004441181939273174,0.0005729089804146359
0.0954543968490463,0.017823244616664607,4.120681464696983e-5,0.024274388303130858
0.07127373904778248,0.02543277660156039,0.0006121060213726224,0.007151353633742796
0.06377465248871535,0.044211748100968895,6.234751204677704e-5,0.007527031931697127
0.10287856514880261,0.015680116798890625,0.0002847384345575461,0.006685410659077708
0.05668097486288957,0.013960131017060529,0.0012681244913908976,0.015587394122397218
0.08404970100373835,0.008053760418112623,0.0013290030616322406,0.008204226946240803
0.08551791872501396,0.0038962816543265514,0.00012900980791004716,0.027665910909704945
0.05550105626740135,0.032435087094097,0.00032084400387851804,0.014848217014211367
0.11089201051119363,0.00040584518715388544,0.0007533591531826148,0.0008855253975344886
0.10138402680422544,0.00460530319735344,0.0005925202465767413,0.007554044227434978
0.07919387416749545,0.03236045641336238,3.879446301502268e-5,0.004706540084176912
0.06163234233975478,0.03775032341149648,0.000263578561284763,0.021425548414883557
0.08221458239577256,0.024201836149908833,0.00044987949546555376,0.004222053844642574
0.06997387937753449,0.03283409114242465,0.0001318537616895858,0.012632850598261287
0.12558247634119205,0.0016520178389856596,0.00014213926350094993,0.008278066083170025
0.07609812437298566,0.02135166670280433,0.00010285704928233198,0.02666942717635036
0.09633832516640932,0.0005349712474083868,0.0009309100525259936,0.014996097975869907
0.061351091122054946,0.041110965657018356,0.00011594501810631318,0.01188881319559657
0.07734464443222933,0.019964117545544176,0.00026186581522269904,0.02237185840633473
0.09629901180345729,0.00048584789025322473,0.0006536696637702979,0.025196081727310714
0.09669668052539863,0.00918404470221471,0.00013158543286396704,0.023371131177926593
0.07626095505244254,0.01414744318046772,0.0002099912665427472,0.02570002863352682
0.09828804360877745,0.0041490243058920455,6.412143607359219e-5,0.031232989449944022
0.09624992776349112,0.00331311455763455,0.0009856932414652145,0.0056303561855804716
0.07931418110139786,0.02874841621182678,0.00039190270578267543,0.0002508888258789894
0.11123213630872575,0.000390291029198762,0.0007152052382388504,0.004009321394101291
0.06092309234984613,0.009649210800512752,0.0011383125778837897,0.009372393309402352
0.10614307596827191,0.010319872446884076,0.0002766041034862888,0.015698692573485388
0.10190159844349474,0.013634086253126019,0.0002536110271262397,0.01065695012283867
0.09250850364002279,0.006318024932052979,8.135442022353977e-5,0.03145588899785884
0.0800194078183788,0.020713759665047397,0.0007799568013816059,0.0018557886641987983
0.08839636145046097,0.03146135126732631,0.00029724591353959344,0.0027968424838652126
0.060871524497643006,0.02688779453479275,0.00016166370597826485,0.030198083700135398
0.10679481768733248,0.00015673028589775434,0.0006399198705091564,0.01288966384370974
0.0328411973760031,0.06523406644731497,0.00031021358347668834,0.0006263749080874213
0.044518400406879724,0.05745279271539837,0.00024270861461567287,0.0020262516335331883
0.09708448137070474,0.0042652940740700125,0.0009285599613635851,0.004273864020149611
0.09171941014537507,0.019745381330967694,4.941279340357127e-5,0.016280586733257933
0.08688789231139817,0.0004176273779752918,0.0005777561867688598,0.021438334247880813
0.11027155911218561,0.005877858703283339,0.00019764843082764713,0.013943220703083643
0.09400622828140573,0.0009429738461703499,0.0007219617275196665,0.01629447525538702
0.12001730725567812,0.002809567017323884,0.0005194579863462843,0.0032450485840708346
0.09677756715576791,0.019128201109259616,0.000358159208814945,0.003293210235817264
0.07675389220285543,0.018546822850534758,3.387112682243336e-5,0.024246014778632242
0.10845226190250812,0.020189115622030185,0.00011058115599084396,0.001615573188172014
0.05979691250715661,0.048705217294294646,8.792022989298244e-5,0.00549203621780654
0.10345479687818146,0.021174920661589113,0.00017236494255970703,0.005464483358850801
0.09948021767833955,0.0007404091461770041,0.0006507642308112134,0.016563516919214885
0.11202631821190416,0.00969214749120227,0.0002231372093670573,0.010019072937162407
0.08858521454699175,0.009676046455915657,0.0003220285180164722,0.015324393742774877
0.1156578436719057,0.009705703825676867,0.0003457656687787132,0.003247893820148117
0.09641067697528588,0.014173140095864675,0.0004550208986171764,0.009542136870079381
0.06970324754453293,0.02866702828593846,0.0003981679607345448,0.009210715303932231
0.13309907284172362,0.006357113188329558,0.00010962035445465109,0.0032379317001531888
0.08695707645448394,0.016154747037029175,0.00036474095272264937,0.013298980306029185
0.07380061971362532,0.0016674388614903162,0.00026136888234979386,0.0492976140632488
0.11463833631379747,0.01702580943776154,0.00010093061911925539,0.004151691466889187
0.11103531095601357,0.012162929476984422,0.00021108327749133586,0.006065856304891524
0.0782570020848655,0.03572039620307991,0.00020345096762637205,0.003312351286114859
0.07330498898905213,0.029475035259192692,0.0003701961964329638,0.009540342356911993
0.10967805347623043,0.015115259440010806,0.00020339534733722142,0.004943984956813163
0.09084892543357019,0.00495855959458891,0.0012530503213477994,3.026264993598592e-5
0.05831406013333605,0.04621567971869473,5.693694654664614e-5,0.009517920842610926
0.09631514252882264,0.02704112955452289,0.00012213857740334572,0.0018899730562784958
0.09907719957296739,0.01713645791249841,0.0002536192975078516,0.005197279612698993
0.09924584679788394,0.022976170829108324,0.00013248125683305265,0.006228632660636425
0.10798578979887072,0.014704522896395233,0.0004355887358839368,0.0012010978877553878
0.11769259518060933,0.000694402170725417,0.000378628047135646,0.011973495698029033
0.08223962828548968,0.015035186975261459,0.00013785405622341131,0.02640928970980512
0.11854022970539049,0.0038836671532157287,0.0003057284055617891,0.00014086028329542488
0.13202691989690898,0.00709612634391051,0.0005449570623893886,0.0020431822011922718
0.060309568043956305,0.04500488308219276,0.00038263793138845086,0.0002282262555403464
0.08066803336577985,0.018719327755668973,0.00019127134145043451,0.021945934000137706
0.07478314620220941,0.03287911140328706,0.00025002785485393026,0.0055517876490361485
0.0718503111662719,0.04775778213556546,0.00013742264779478128,0.0016839765787739506
0.1203054298163388,0.010459760833409182,0.0001479208551816919,0.004155278881929179
0.0822918821574748,0.03610323702059639,2.336458019884757e-5,0.002472600700640045
0.08628988711522022,0.018963833933633444,0.0003273166986957572,0.014222675282909329
0.09511743293970992,0.0045923921858316875,0.0005769252310851295,0.009611453561649117
0.10997591969042106,0.005766120386221712,0.00040316704620393967,0.004530242106216914
0.07956765670912185,0.03298682958581881,7.130222674789194e-5,0.0041678562772523445
0.09558498516468077,0.024815135073537154,0.00021556343068984034,0.0040533906542781495
0.08091764685066591,0.02707746356723089,0.00037904858340860397,0.007606877006685176
0.11639422499660178,0.0002665828227149193,0.00035090124470544133,0.01200275334875119
0.09133470567147013,0.0004930554157711275,0.0006563086271650175,0.029573271513188257
0.11582465402680436,0.008748418554367525,0.00037780864433081937,0.008514647564415702
0.09581749039140203,0.012990554008210533,0.0005213397781016375,0.007368673098348248
0.09619060332732213,0.018437079479232586,0.00024490681076871847,0.006436871907331823
0.0957980647342343,0.017401040812940315,0.0004764868502109909,0.0029862423841722995
0.10493699880365147,0.004856632081352221,0.0009543636161348589,0.0008306413633025192
0.10824175254750748,0.004470225282327197,9.226415889764622e-6,0.028573517096501636
0.0824365975963175,0.028273585065793555,0.00017183640691913828,0.008949835656617727
0.11770581419157165,0.006611936825674286,0.0001121303898285642,0.0038400159657472253
0.12474744843058452,0.0005378693833603238,1.2398449156641544e-5,0.012906878051397523
0.10593425229923412,0.001865457718457895,0.00042329647999723356,0.015303922470027728
0.09521826609661745,0.012550474724012812,0.00012672427019909318,0.01885604686866074
0.11225400350167304,0.013625493499349746,0.0003596458898634377,0.007219961699087813
0.09231742519977361,0.0009138992671962997,0.0011433522348424756,0.0009673456247442381
0.09149272443212775,0.015210551988777314,0.0006100021093920127,0.0035594686394162176
0.11418701702128284,0.006117810715219879,0.0003733472084000022,0.009858127222086665
0.09696789445058089,0.0035600393719122897,0.00010112438297280446,0.022353056775122438
0.09396914458735099,0.0013646013605645596,0.0005338793202286931,0.018544658980262623
0.07231029739024801,0.0315739279351324,6.647798846837925e-5,0.02417092768379635
0.08005534468446848,0.015825472306391235,0.0003004016955092123,0.022481076413461185
0.09062025015025389,0.013063277083409059,2.77316782306644e-5,0.015320376611459978
0.08038914824532117,0.02828799051841524,0.00036630407964559163,0.0038072672121340217
0.07655438677822834,0.039735147521359114,0.00014084335130458322,0.001592170428057908
0.1228529031513766,0.003836286532220353,0.0003918131936976997,0.008360847691925353
0.09737058100712565,0.005040846911119477,0.0008867224055446019,0.004875031480566307
0.09163989538691779,0.014914248992945765,0.0007898290462961628,0.0003424733891791812
0.09596003118631445,0.0015475158015418513,0.0008919653802906731,0.00849336493587912
0.09683752380771012,0.008277298289039578,5.968377199729636e-6,0.027306339500239984
0.10279253889356613,0.016743927936440736,0.00037248199997257737,0.0012048158097014265
0.09102435868842876,0.013554095578368112,0.00013918003423204274,0.019587437740501736
0.06866020997701583,0.03134333275791293,0.00018335238213715814,0.01500810904229138
0.05928514998407772,0.03936932580573091,0.00011832888293073479,0.012675283427137614
0.07563054156666268,0.02647147317080328,7.222639252251232e-5,0.020682253500611196
0.09183143479345775,0.01685613016898939,0.0003075641469115745,0.013439511628046148
0.07656935118021622,0.03951608649749828,0.00019836481842162677,0.003023010371464009
0.09084494503132655,0.014991996707378117,0.0008121679328705845,0.0021007480840604153
0.12707700987868037,0.00957174211993003,0.00010502405120567666,0.0047015011521073435
0.10950110936211253,0.0039297421790200635,0.00031857906608857666,0.0103586776039934
0.10022155209867872,0.015915302157020226,0.00024355651454927574,0.004884777474458321
0.06207738686715508,0.01592791329208542,0.0009647399124724157,0.018711377329063472
0.09364787394943236,0.015043004197289397,1.5286246586046492e-5,0.017563154769988466
0.10446460206729502,0.00630594947737427,0.0006341463173028788,0.01266526239376464
0.02340997236854631,0.06161912898448353,0.0006729855223942026,0.006098127033035815
0.08397515101476374,0.019300173736245454,0.00042918797547408165,0.012030884691482802
0.07877284890828326,0.0280574208694437,0.00031722908102922715,0.010161284179834909
0.10833319847686447,0.00915008880169005,0.0001650559254080442,0.01397980887538739
0.086584639634384,0.0038997940146921167,7.327618586792971e-5,0.042640420314903976
0.08216633553116374,0.013931592107895881,0.0007789160435941126,0.011971011858993567
0.06361627453242118,0.0309633945976393,0.00015550428432128263,0.008626694274588903
0.10487031635937169,0.007130612446355264,0.0001774054627290545,0.009400165823730435
0.08079032501503196,0.0034772548067898514,0.0001598327018215931,0.03742084963949051
0.07484914602845501,0.04956483221538991,3.8892874552279824e-5,0.0001790924028365144
0.09599217783015343,0.022613916152105316,0.0001730348329310498,0.003604473326693889
0.048334124990518874,0.03533120307617438,0.000760367441189938,0.012109921989007958
0.09471877692147568,0.003892147275228921,0.00014039191755921282,0.02819427634055777
0.09651062356907221,0.023698595105339133,0.00047771635619826174,0.0007176277588988462
0.1030146252517449,0.019278514754925747,7.816940050164512e-5,0.00299295167205031
0.11587576570872564,0.01074278751426575,0.00046185247268959955,0.0005883984504914026
0.07920222959665468,0.005291910944118143,0.0002714172990103995,0.041800185906169525
0.10263038211115821,0.0023416143459821684,0.00014091506055032786,0.022900210502949103
0.11892795089294445,0.0034297452117579333,0.00027961140925569306,0.012104385733064122
0.09255735140477603,0.020096270806479053,0.0006628350778611537,0.0005114215408356953
0.07379552937865572,0.035511193026986375,0.00022776808282777667,0.004263459129091664
0.09516082997861079,0.022548279338337692,0.0001806960187002555,0.010116855580363448
0.0962922901131014,0.019913149829977064,0.00016476532128103293,0.005660278519727724
0.11776512226170079,0.005113285335723447,0.0003693051106847359,0.0014749495860196858
0.07248438008019722,0.02603468613955098,0.0003336271250286144,0.01007138042127291
0.10182087573234704,0.0065518709551834935,0.0011521668930328365,0.000360270857285214
0.08225090327419547,0.02317935667404196,0.00015448062895468892,0.015497792675802589
0.08552277010382545,0.022287033969471452,0.0002695832097862166,0.018918032293869114
0.09688513502498684,0.02037336661261126,2.931072560471307e-5,0.008002571210459709
0.0768522510268278,0.021421052996962314,0.001054731101641881,7.076813394333075e-5
0.007734223094648059,0.09034974624730192,0.00012140528349613318,0.0003466803273504457
0.08926246541777112,0.013763809657731368,0.0008471635878858811,0.004306156295567141
0.09851949156770413,0.0017631837858664299,0.0008669321316022807,0.008813930259987219
0.07530816815023081,0.02936313461601014,0.0003608688422197288,0.005716435449361162
0.07128204614776841,0.0010698828273482488,0.0005811299423487359,0.03450659207654686
0.07814909303645488,0.0038302752395570016,0.0008477788063713222,0.026512082258297286
0.1095685306380658,0.012555277087234435,2.952627036013575e-5,0.011825956334276706
0.09145504502619217,0.014680525541338574,0.0003586039779215579,0.011458510525749714
0.08108668191110842,0.01744220571288586,0.0006718565887147209,0.008895064428918334
0.05669386752351578,0.05118642913659102,0.00017333240847245562,0.0022342445132832716
0.0819921166929579,0.0033268969693768377,0.0011078561747433634,0.021633692468274325
0.10443090862978507,0.010819256357543003,0.0003251935061332761,0.004290573096354051
0.13309907284172362,0.006357113188329558,0.00010962035445465109,0.0032379317001531888
0.1206441810159708,0.003920425350943863,3.764083098239447e-5,0.01707389085633553
0.09760286458712779,0.002765599721594896,0.0002576369859569259,0.026843119973048647
0.12581541778608954,0.001541270606230469,0.0001991668261936444,0.005345757416595337
0.07631255717509075,0.0212993326436674,0.0005457609178468739,0.009575145680087847
0.057889786228626915,0.0430046041395515,0.0005070417487980509,0.005645948496281117
0.11177731779207677,0.0022324915322237586,0.0008354120072075772,0.0024761757891863957
0.07695757492361537,0.02378995899917241,0.0008977824845910387,0.002161095061154995
0.056362404012269496,0.023819093817068784,0.0010884024394998265,0.011696297575547647
0.07769092563476894,0.008777837816859674,0.001621496811528471,0.0019830257054216376
0.12873460866917846,0.0018002451700969379,6.561615606375162e-5,0.005749388704131134
0.07137212067248541,0.03475837676519464,0.0005359966891881455,0.0017547944047526757
0.08783954809091427,0.03315506767273057,5.949108806313672e-5,0.002829055183843476
0.06273130418959856,0.026486995942514396,0.0007869360828141615,0.01140109523199778
0.06748704175590423,0.03742776595691421,0.000282568456101352,0.002569641586728013
0.09232805493035263,0.006411996485435645,0.0009363662941106424,0.006788310046029999
0.11175518979443451,0.0005264745070381583,0.0006202247268275184,0.005195356604959634
0.09197805118873671,0.01512507494203367,0.0001104640231455909,0.023272217844137324
0.12938648056746524,0.0028202570366078726,0.00043384275585942186,0.004799091044540541
0.0761466086010184,0.03126756095699198,1.1828309491770544e-5,0.01358340968797794
0.08288855358345408,0.01897134404964723,0.00047472751039623795,0.009528039903328464
0.07132228719875697,0.035816518524345295,5.408052447007829e-5,0.007921321298361657
0.07993019121544018,0.023708728208607383,0.00014098572942131577,0.022638948175738707
0.10275247409445777,0.0003932855102840583,0.0003046789662494138,0.02657616197796573
0.10643216302737125,0.0008778160014768776,4.048652834341045e-5,0.028140881808174537
0.08591495235423195,0.01593844364555534,0.0006934742289487656,0.00938385110991497
0.09529521992378491,0.021540911190696548,0.00027929724276750615,0.003906548339668117
0.09178426234255249,0.019210578323832685,8.650901395287e-5,0.014005313791733965
0.10435559797628259,0.00993551625698374,2.1512027100885375e-5,0.01884814642767233
0.12709538865712225,0.010668051691197784,5.261378255456676e-5,0.005207359784589182
0.09915348336857396,0.0005678465396411593,0.000445649011615032,0.015160571984058993
0.08769567233767539,0.020578620779664148,0.0001721978366178129,0.006949188429761217
0.0685928858179556,0.04128738051937935,0.0002515858084439006,0.0008991199672863914
0.08957708462256982,0.02969148129655248,0.00011849941648713764,0.00405289227347438
0.1116315586684284,0.006234827715452473,0.0005210951245007433,0.005432702720912424
0.0696872008940716,0.0259099033645823,0.00019065526139347625,0.017833078291592634
0.10777921493215915,0.019572256889967228,0.00021195853730424766,0.0034625902936480193
0.02795190388808835,0.0558792544901054,0.0008562951157175872,0.006344590211799804
0.08240251678386923,0.019166926442472757,0.0005162558565619815,0.0032012656107421192
0.09439712479135956,0.0115737817281571,0.0010368667594352315,0.004279930605951968
0.11222541967190419,0.001559181647597594,0.00046064943904536266,0.016445467146999897
0.10615876127319658,0.004861466626771152,0.00038978233863524374,0.01021370628739098
0.0937051498792195,0.00812151541219436,0.0009231246820046552,0.004412825163626652
0.09457371963021549,0.01311761853882993,0.0006559439437467109,0.011500435563837721
0.09615661115243228,0.0041403806477531245,0.00020992268469189826,0.0217631939491535
0.10049746301463612,0.01567553772621727,0.0005335523160978749,0.001980739972222524
0.11525346698087625,0.0018911698637167444,0.0005589413153246936,0.005157483336017154
0.07916894919039823,0.03183830442006954,0.0003381966790819086,0.0032582736054579957
0.08378830410815447,0.017716172129965173,0.0009151487762546081,0.0009171229593065077
0.07985342948280778,0.026372849883963354,0.0004397879642614264,0.0022088464410303563
0.11064858334105031,0.014579799930221337,0.00033750489361744716,0.001019239945965746
0.10935464731503468,0.0014726962062620857,0.0001490594695441914,0.022688835311517313
0.08362209136275774,0.03509723033603405,0.0001652556383404657,0.00048573021624314077
0.07643037622107547,0.03183981875880113,0.0006390616513058238,0.005573410770929334
0.12476044295531633,0.008752452243330563,1.6152411897751577e-5,0.003979684179825516
0.10612047371087471,0.011186284465716357,2.9185648361757128e-5,0.005765961666594038
0.06990675982754971,0.011387078317509625,0.0003583664358860226,0.03436983458968202
0.07573072180321937,0.039258313552505676,0.0002677187903564883,0.002544070568077836
0.08082439766168852,0.03951588688207447,3.243710744463995e-5,0.0038850650744072643
0.10001764235714823,0.012448913671119116,0.0007290067382986381,0.0022972591150147176
0.08126756329861472,0.0312305126161693,0.000282557330084466,0.0026731966585466925
0.11893832255810079,0.0030773415409700382,0.0003406940703727701,0.014814198897937112
0.09181351622347984,0.0232684027869365,0.00015559227992972247,0.010344951398425256
0.10771473591132504,0.009388992404928532,0.00021435854175484335,0.003111850297435234
0.10540208086560192,0.007624769718712464,0.00020836178381877487,0.014363888454516588
0.11987290355702317,0.011865506138283192,0.00013474386666636923,0.003000389118362759
0.11793217057032397,0.00979065666924337,0.00020976270191610865,0.012745098220559655
0.09971983143961295,0.0013221154135543,0.00057786866097599,0.01651719686520115
0.07015752967477479,0.04163645167519045,4.39825226324551e-5,0.005507732688446115
0.06880108737086717,0.03824471558141836,0.00013733624599797893,0.0032016921458454637
0.08563655447436003,0.032273329517804636,0.00010532070076252193,0.010525259283511931
0.137383785982485,0.0029104387600952437,7.670013489687498e-5,0.004139095325384954
0.11004485648186182,0.003320822810244042,0.0005622791072656789,0.009539425654538969
0.09423507315994303,0.014841922225817445,0.0004068034634584972,0.010994979351834817
0.10590602094890657,0.007587809260133363,0.0002621754472277646,0.0030443161705631977
0.06481195807496622,0.020203024956628443,0.00039575912057173584,0.031076307510582043
0.09375930223500803,0.027838999716144702,7.23175399367114e-5,0.0053779141845886735
0.09954766358877402,0.01846190980569531,0.00010160065468843499,0.010587560642327501
0.0819764114562059,0.009756983880540235,0.0011208251582890654,0.009736041932397167
0.108445221717898,0.009816691584408663,0.00014636844330384363,0.011845175475320161
0.12217558093861067,0.008367164352973876,6.467902609036227e-5,0.002804963495269573
0.09217150942261733,0.009912958784350865,0.0007328557167223581,0.012449309223755459
0.08538557223816796,0.027082956193579234,0.0005013849803319082,0.001286210978767068
0.0937051498792195,0.00812151541219436,0.0009231246820046552,0.004412825163626652
0.08817259320199479,0.016127374260181956,0.00026323784539035466,0.01706468243870995
0.09354776430182186,0.0034843975524191644,0.0007180014977102979,0.021453617473657313
0.1004871567595085,0.011127178881826095,0.0003838453641667015,0.009190601315029008
0.0713160073319887,0.015741213888317868,1.2092615230259403e-5,0.03363054313510997
0.08567641705854093,0.02003759622000676,0.0004297246797283076,0.014735524551400293
0.10220348782549593,0.02185429797575137,3.906054191374784e-5,0.004003512519470017
0.08606477934433332,0.00588142632146264,0.00016359132214573566,0.03364047968222744
0.07336897595852902,0.03504676387566248,0.0004175571909887947,0.006843677339603552
0.06856327967734076,0.036055185870394475,0.0007703594071798569,0.0011980009869209437
0.07675087007472217,0.014145357769385273,0.0004250946740058158,0.02589289613335743
0.07332712372522421,0.044900532644631,0.0001059109053986504,0.006489691852558279
0.11460657814666811,0.004540050040999591,0.00039802163902973985,0.002912782972818732
0.07604826173655002,0.027567516427074747,0.00018927071171652207,0.012857672348334404
0.112126206314212,0.00984079573755324,0.0006008404234984893,0.001638762067263627
0.08901303089269202,0.010624454599751212,0.0011686586563218072,0.006717277609438582
0.06793921373572706,0.021143558164925073,0.0002824616302731706,0.027622786345467925
0.08886111424584235,0.018199165082922065,8.941497345401327e-5,0.012727665062992697
0.12001784367433668,0.002688481220185849,0.0006350254905512657,0.0023393025789121107
0.1022583505859169,0.006443578206104194,0.0005138628320613642,0.0019354799400793084
0.06422047698958332,0.027543298688964633,1.6211959197903676e-5,0.025345544841056052
0.12272787010062262,0.006523991472385293,0.0002664325450456171,0.002454339028151502
0.08327801591797268,0.03433030268193839,9.625635796072155e-5,0.001305671761191214
0.09171887753279527,0.005538198362277212,0.000381776638178401,0.02003342616267221
0.10027755039224175,0.008922261906493555,0.00046589823503201405,0.003508296602994142
0.08753268163477661,0.023820350580055324,0.00018794723673999644,0.0036583392871004225
0.09887462475271158,0.0025999057121952537,0.0010125419911198423,0.006576421043660153
0.10426259931693051,0.007235458864258567,0.0002079095284904066,0.019272168252720982
0.07246295725487222,0.020494064666820654,0.0004002290733653499,0.01645077083347213
0.07325934769805328,0.04321588715259285,0.00015591895676945702,0.009844798558932194
0.08892073557925072,0.01001995591237637,0.00047873982931062495,0.013917445572848075
0.1172482059175508,0.004532568365966563,0.0006321663188132859,0.005549274670644421
0.0959756453308739,0.01726763581601833,0.00018157968634719858,0.013397694350046402
0.0765931319858589,0.019089289396398316,0.0006368851966173078,0.011301015460418676
0.06649793158459497,0.020337295203730774,0.0014152422369809005,0.000909893152876828
0.08222466761168082,0.03063929908684078,0.00012851501685234244,0.009341975618445224
0.09816310696276857,0.009623886384984919,0.0001484492519286096,0.018553139701441096
0.09464515616053581,0.026808615519686947,0.0004996640699084632,0.0020410325007964086
0.1007545030169504,0.0038062548016301514,4.325902152052134e-5,0.01928349727570769
0.07562520987100786,0.03443576325353862,0.0004093554904652583,0.0002841403373526228
0.09575555288160514,0.02137986629357218,9.00442151485141e-5,0.013800536803039469
0.10065432481371388,0.01265877604349793,0.0005832776801094294,0.009778245426982765
0.08454457903142237,0.002002298532879053,0.001316778986283318,0.007208550866750484
0.10035888680533672,0.016872395223557553,0.0003008490591690524,0.003686545376905405
0.08749168506959003,0.029678830252948537,0.00017346565324382403,0.004092865036719844
0.06104670891973886,0.04584851993962667,0.000250814540052909,0.010929769621584044
0.10701646685243914,0.014818357330299521,0.0002021917965819755,0.0030855921642634005
0.1097945864845664,0.008437693426403076,7.685458447017875e-5,0.01356535777410797
0.09059791255807816,0.002126442187340964,0.0005625676723049031,0.02187390176072031
0.0939044612383828,0.025411712075258046,0.00022744701298625373,0.001673725574878413
0.10220348782549593,0.02185429797575137,3.906054191374784e-5,0.004003512519470017
0.12019668407741434,0.011973910789911005,0.0003583167548885804,0.0009403720318659246
0.11214724790559963,0.013826148355499147,0.000503400492653224,2.6144604719182446e-5
0.10341065423062039,0.011816857688252263,2.085908221361166e-5,0.01614094280635965
0.12866493356828504,0.005483565174582802,0.00016834802106145694,0.009692443600441143
0.12521335404941414,0.0006040216304284628,0.0001626136035453844,0.01880782745946385
0.0982146686064729,0.00040683037227968804,0.0006440473772099247,0.011272459023899102
0.10560170795828007,0.0013611601011629156,0.0005261192730298537,0.013309675275189666
0.07378732726617795,0.024812128229949038,0.0006144951771393294,0.0012638534966015233
0.07482427209337764,0.030609167930847704,0.0004161779181034423,0.010043029203827306
0.12517846615143804,0.002229045723982464,0.00025464207939917714,0.005722513739416965
0.06816296241356146,0.029809637154855836,0.0010525350393134501,0.0025666051401780194
0.11463864862974157,0.00501009151210381,8.066970906609659e-5,0.005950419041974705
0.06912291615796205,0.028414291857663854,5.1864274204339996e-5,0.015758757784177416
0.10956204560206341,0.0017894116593881622,0.00021982821863321823,0.012827205096713193
0.1044597787924178,0.00071864080636862,0.0001735393919956506,0.020682759982042234
0.04079914092744603,0.039290338000717386,0.0007925496339622231,0.011525732244282749
0.06355621448700642,0.04815259699784614,0.0003950655138089226,0.0006958836100361508
0.09014016260638599,0.014611086635873603,0.0006863615348047255,0.011185711090663825
0.09153257784986803,0.00103587912106928,0.0006193176974693016,0.01910516949788316
0.09755732338624817,0.03279906784781799,9.968906943940563e-5,0.0002439087972887046
0.0686307283245256,0.044914600434584416,0.0002172844181920741,0.001502043741938981
0.08585067083799068,0.02134248776280449,8.456355890351378e-5,0.01630976802796175
0.10834849322941952,0.0007701826381013044,0.0009218328908769489,0.0003125867378814289
0.10731141236992296,0.0083951181628031,9.699186883222155e-5,0.014861566795500722
0.1264499181652973,0.0012018584874356325,3.916002399085875e-5,0.016990806136950934
0.11177731779207677,0.0022324915322237586,0.0008354120072075772,0.0024761757891863957
0.07926094069382189,0.03624944310384776,0.00026198297791010523,0.002708453212755681
0.004945292941563719,0.09374474912247088,3.865029046799059e-5,0.0016070285145452835
0.08855774595236714,0.01117415591986401,0.0005393058808795513,0.013553977130192655
0.12383376986043251,0.004054660165372784,0.0005327153733271443,0.0005641375203790797
0.08064372075371454,0.029662426140806893,0.0003668820156317789,0.004762556122833984
0.10164475188324973,0.0006971348667086268,0.0009829594953418251,0.010835748249054604
0.05237032710281583,0.04174940628823311,0.0005656036536491928,0.003909409168423454
0.05949069128614475,0.04727999950066022,0.00015468381082957053,0.010179871376895985
0.0908641925257978,0.01249485498799051,0.0006740141079513033,0.004194655274399376
0.0792216021775555,0.022029326340064038,5.779558033670147e-5,0.019104903503671763
0.08760535967474466,0.025466765478388893,0.00014916097793288383,0.011106239306038572
0.07237449407907512,0.03139883173569088,9.265033732303452e-5,0.014781808342238686
0.10695471772490799,0.00034122997717798113,0.0001015039350115441,0.015835186691021314
0.08644082900430933,0.01207837248560685,0.0007799070223229993,0.012588935075355712
0.10100805965791908,0.019335632149334932,0.0005518222543191496,0.0017531667761983216
0.1092842495433555,0.01031959596511119,0.0002905431419684099,0.006925479110756535
0.06441182241325287,0.011871831974220004,0.0006253559377142515,0.02566831505841625
0.08422921277192798,0.03274350209521202,0.00022788252946195044,0.0006662790123541632
0.10964413873875953,0.012071513237661625,0.00011993669891384696,0.011226896300805688
0.1236105548769607,0.0065791589774962436,0.00042189265847071897,0.004823235176367982
0.09914762052036909,0.013557816660172289,0.00011806869213898543,0.01877347371772661
0.08705387313061873,0.02746233200478016,0.00033184371185782205,0.005669894740122331
0.12061953215857307,0.016052787528094505,3.9530023031759655e-5,0.0033346900263349316
0.0953337131910931,0.02121532154973702,9.76626384039373e-5,0.005581754644714379
0.10136789739059139,0.014112261365875827,0.0001081748283454936,0.008532513568755635
0.10840039478224993,0.009720863061100765,0.00044284441945857873,0.001781518214220354
0.10025070339722153,0.01128447626514049,0.0007655703106219227,0.008860655077982144
0.09504261903331618,0.009742212631707315,0.00014972115589961512,0.01824801778356372
0.04793520582716267,0.03752275231987198,0.0009539282888391468,0.001053526983714032
0.06492267210557738,0.04699638994686981,6.379339881877357e-5,0.008850425394665844
0.06698976357535509,0.01701358949863001,0.0012128190720881878,0.011726321619028467
0.10615170171846053,0.009880203450931891,0.0003400677778452107,0.0024506010391030244
0.07570258932191302,0.03428947589173157,3.341330710666654e-5,0.01152236431172139
0.07295897755833537,0.03988533165543638,0.00033905921136717805,0.0006240329248616608
0.07731507024206981,0.01833166765706063,0.00034302393575997696,0.015190476303678285
0.11473218961230425,0.006095558263265089,0.0005885474477402994,0.004485834940178584
0.09013651626641991,0.017014480358138094,0.0005065077908993383,0.006101062075906727
0.1004455364025604,0.01182613965436306,0.0005780658457345485,0.003325146219671866
0.09273394318566353,0.024460523891159307,0.0003604673547395258,0.0009930094434373522
0.09210327759323131,0.011699906517295855,0.00042515796452861557,0.01737194193085977
0.07588096973528358,0.016622063823836516,0.00043868778552574655,0.01510168717917954
0.11431793151175766,0.002106518563773376,7.172212640813587e-5,0.025956975579874784
0.07559033241433875,0.026099680078593434,2.2527392161901307e-5,0.018844653966773674
0.1223931542968913,0.006398490193958067,0.0002704243479869031,0.0003796713156748527
0.10440532167495926,0.0017655373803749058,0.0007719921461496092,0.0030547451382692942
0.08404295987143696,0.01985978410764988,0.0006306247875540645,0.0008388693631689422
0.07763511905858239,0.027071131549246213,0.0002328477682221136,0.02030850500414484
0.10137914538170119,0.02261412437508738,0.0003218275524668332,0.0021501842479179586
0.09010516193384159,0.034053863763819484,5.2962025024022675e-5,0.002161795093498494
0.09192695396164498,0.020684205310560623,0.00019462333562815604,0.013065594671646818
0.09718486566375734,0.016841842571617475,0.0006726278718633488,0.0011712814403370012
0.11912563839500646,0.004556324693999711,5.858875234508637e-5,0.014247297004793871
0.08502717273536221,0.0018487879610482002,0.001809798286764489,0.0018239911790836635
0.11322216264362331,0.010027691333946579,0.00019887692820030553,0.005712746353672343
0.11904657528702998,0.0005307614243638439,0.0007247418875559322,0.008405651259285066
0.10206558205913595,0.01634325418402007,7.180912298657091e-5,0.010305733020791824
0.10587856909274491,0.0008413154805639156,0.00037115826122053935,0.016185974455142766
0.09483142848713479,0.02563342230331938,0.0003868843302332474,6.193559484843472e-5
0.07431761294907657,0.03195303792985977,0.0003374928670575488,0.0013024345582899615
0.11395318371682432,0.004385088738120875,0.00015965597811540334,0.017435575917305147
0.09316625748935266,0.015176634220623307,0.0009221698719055458,0.0011568335236462099
0.11289364658229559,0.006245853398231399,2.992378098214542e-5,0.015878449022273537
0.092041895653096,0.00676327800428299,0.0009935082937100792,0.006843074931133863
0.06211058449948711,0.036415598182368406,0.00029057667776106116,0.010813256527412643
0.13243781521363995,0.0005998288322286531,1.191920529630022e-5,0.013969317238785448
0.08106632419383547,0.003749742406487428,0.0007042176820284867,0.027777444272075333
0.10190159844349474,0.013634086253126019,0.0002536110271262397,0.01065695012283867
0.09280157132126064,0.00032676901051406095,0.0009571449277555734,0.01922415154704715
0.0885657083183484,0.01045243573358041,0.0010301691933880788,0.0024569726938484873
0.1001878284693155,0.012621163898562165,0.00022214302647807164,0.018030535405316593
0.10011556580807242,0.00421016979950491,0.0001729546341170111,0.01863035845743009
0.10133559156786517,0.013373650796828142,0.00015591008275650937,0.007940093916434196
0.09844059859934084,0.012138961608971084,0.0006549387906501953,0.003849573037493578
0.07528188466910048,0.02577525119273069,0.0005928732054197762,0.002469958670287564
0.12911336121534062,0.00541981321116897,0.00014391310746240694,0.007837919743862486
0.1317289533421822,0.009081261250537384,4.989313196177129e-5,0.000252068043037514
0.05773211063414069,0.04294558214219621,0.0006736966895728347,0.0019188325120501888
0.10728707390597873,0.003062801706737826,0.000509106162232908,0.006333074807876861
0.1096971135330592,0.007629876939650695,0.0007100604363219331,0.0028410472894182808
0.10777674262750722,0.00432164118373902,0.0005168637517233078,0.010131801757078148
0.07580178126144349,0.0036513180260004116,0.0015476202145202687,0.014619980366332488
0.07027610184648886,0.02826172587296116,0.000332964327043549,0.00895460786989629
0.09986970372355775,0.0073640628744169245,0.0005773296264791876,0.0008801727759784294
0.0885174962218924,0.017972378911982674,0.00018589427497952776,0.013715259247497462
0.11327031858596635,0.002886455543083973,0.0004675038932088352,0.00597971527752547
0.09974363730743852,0.012286410427306872,0.0005738534961763245,0.002572777053759246
0.08200295040328744,0.012963422157927326,0.0008561610399922909,0.022500573353306765
0.11311916594654936,0.006180345714578548,0.00020896285831926872,0.005370526737910255
0.09649626191906731,0.000684380623118818,0.0005613988618551414,0.02335837117520745
0.0943132176908817,0.004085780184021074,0.000655644925515005,0.013045791840543178
0.10802846088775137,0.010573602139334287,1.495561420560131e-5,0.029547680136543988
0.09679923313038984,0.0003283320159634057,0.000550080673436865,0.022045218565549942
0.0642809934303716,0.04349563961356212,6.790940693428342e-5,0.00408134662980186
0.10378942081410865,0.01842104536871276,0.00026522079541969873,0.0023835002072166295
0.08133509982109638,0.014831674500289905,0.00029843440322800967,0.016806987830656726
0.12246442945538347,0.003239368483439403,0.0005131321791647874,0.006897924555240053
0.11503888696570483,0.0070921580475590655,9.150871765018528e-5,0.013294146510888161
0.0934625324344166,0.016920107438540253,0.0002452275809617683,0.009928368052040197
0.06218485701370081,0.045772670491850236,0.0003899317964119299,0.0007313673349624036
0.08795417052994783,0.029928351649612682,9.154496775035995e-5,0.004648243865287875
0.09159792094356105,0.02127880398945111,0.0001887108245572389,0.007380823452364315
0.06557201101212222,0.02719289147790224,0.0003275052021445827,0.013840714856776248
0.013333496739260127,0.08157705999139585,1.9645340154106863e-5,0.0012668071321841545
0.005598771727474241,0.08646842546861248,0.00014379839669436436,0.00031408013141880753
0.09428450181868814,0.014880098439118413,3.138185314114181e-5,0.01741217938286422
0.09932188711431554,0.0049783392278496645,0.00011290456406606096,0.030706065928905298
0.07078178500188315,0.02955720337803401,0.0001274343997112275,0.011399417125689466
0.10151074864956211,0.019654602790417464,0.00010378692809379246,0.003019390444712592
0.08486498679614132,0.017009756090775114,0.0005371451167052102,0.00482782541890903
0.0967111079575424,0.02203817699969501,0.00010776995695673284,0.007430388494634076
0.10898324486816391,0.006738355481325587,9.683400814816781e-5,0.010770994103034627
0.1333266894098773,0.00030691944733046857,0.0006322357810613443,0.0013177439759695115
0.09491854585009926,0.011738719469387178,0.0007039129105630206,0.0036192045643306764
0.09323898369810962,0.008973061987870087,0.0007266089686850129,0.0077949983944655835
0.10183506668983262,0.007413620345521092,0.00011066583841842977,0.028192846259243422
0.006172350628195694,0.09319872420489388,2.0100511555794575e-5,0.0010182806581684487
0.07022213464954856,0.005508810588582511,4.985529640480835e-5,0.047064258928383736
0.08066338950220414,0.016429666256104664,0.0006072861064924992,0.018679071889023333
0.0960715884984429,0.012566814289471408,0.00020233059938706263,0.01639289316398732
0.06879624797155137,0.03662787082426663,0.0004664801332302761,0.0005033381958872562
0.086181691595748,0.008577226085430502,0.0006451891907322402,0.019199634753363233
0.05741198729232295,0.04666480878824339,0.0002392126495118036,0.0008669575062428502
0.09384219047869531,0.01590262215635994,0.0006013417863888264,0.005209328196495518
0.061802032554998526,0.035456285648007034,0.0007189560965652231,0.004539514562881397
0.09671935766116523,0.018378503523128423,0.00031142700107946483,0.007261450665764942
0.09446678830527985,0.006960784283588764,0.0006265915915618434,0.013174478920104966
0.08462595303395855,0.01848031568152128,0.0005777904205713977,0.004766160970919562
0.10310293653610504,0.015300586966859315,0.0003568127817453856,0.006426501856251207
0.08350582988145654,0.006179864666052695,0.0009502824939582334,0.012344262635748409
0.10863070847153973,0.0034423758080951287,0.000548994478721527,0.006114597552835061
0.10158596006930345,0.013366384526643632,0.0004694097615221754,0.005342814782340557
0.06527033920871927,0.030031268204008504,0.0006243238075135474,0.004704842238103058
0.05839748098688854,0.034668196496738385,0.00031264356440377007,0.014746531005416104
0.10474611766337893,0.0015550646254668152,0.0004980626493959084,0.014069919899665965
0.08524430242156864,0.02778829802918268,0.00031126875858928906,0.004386467228549441
0.08048271237897729,0.021040020779251028,0.00035380474375641577,0.013886128642904597
0.08820023666721513,0.013085557392793944,0.00019493816729426828,0.025603596462847898
0.08405901215979758,0.02191695087512043,0.0005916237832982773,6.887747373433598e-5
0.08997457215292434,0.0062657026311015605,0.0003145734751811604,0.030056385874378536
0.0693173648539324,0.039024161786706216,0.000471839367063411,0.005454596045389343
0.10674170454581083,0.0018860671910709594,0.0004067666565573173,0.01417105402168614
0.09782112487999839,0.028441209037015112,1.9927922223950554e-5,0.011821261451078348
0.11070544031944685,0.015524058915414599,0.00012202367267074778,0.0013680808594657705
0.08959648265248817,0.005418776660384927,0.0002900360008882848,0.019182690237196275
0.0962320663321386,0.02242417122840894,6.512760515087601e-5,0.00825981103984351
0.11616368316865523,0.00032309564907355214,0.0009143525067239129,0.003842716244036887
0.08465028788200861,0.01918224022209115,3.3531554760980285e-5,0.019045842467043026
0.07288052443506907,0.017401562807631044,0.0011284107192023327,0.0046191291128268395
0.08881127720222443,0.022471793818761434,0.00020143677456417247,0.010618433476146213
0.10981858702522239,0.008405535302042133,0.0005271633819932944,0.002187561634865839
0.12528849872286707,0.00344579538043971,0.00019368280541372566,0.003326224789752079
0.10296760817419895,0.016324290301285467,0.00047669077143927855,0.0022664845848918438
0.09876425808178875,0.023474667765552067,0.00022352799842391925,0.011549543394964576
0.0902827144231741,0.021190250506238812,0.00020977680910746056,0.006758614975704227
0.04244350819384867,0.04758934769545419,2.5208420346607236e-5,0.013214004209105833
0.08994039355703692,0.016286686588878704,0.0007566680832838098,0.001894772386260357
0.08112342599421972,0.0290097307064275,0.0003124010262428353,0.005050304159306059
0.10296428317564657,0.008953665840356274,0.0002774722736455914,0.014873380902006367
0.08120131176841833,0.03445000378943417,8.520727387356875e-5,0.003196859904696468
0.10341230223143619,0.005307144394864291,0.0007220824747007229,0.005860154615231093
0.05180022138964497,0.0172294379846509,0.00166634136444386,0.007837466794544693
0.09918127806456223,0.015834913041699452,0.00043022591450720364,0.00030706294136332755
0.1113885340840219,0.007248127796527556,0.0005900972841273831,0.0033177519707587207
0.1175939526349089,0.0048438220013963295,4.233123828724335e-5,0.005158213646552325
0.08424223652145388,0.01691859033861531,0.00032401784769756005,0.01250470304767895
0.09441241028315629,0.0034953736325552542,0.00010315386423869445,0.032255929108751386
0.11882255902985242,0.006970470496834582,0.00024665002732970746,0.006111049017553501
0.11224860339941059,0.01199136266116104,4.6532603781082946e-5,0.011800364430823607
0.0880663201928828,0.023153035072073346,3.127816686963683e-5,0.016045129956736164
0.08780553382221608,0.008845601212147457,0.0012280362699959302,0.003273512946237571
0.05509416519817574,0.05198183315625688,8.093987429312643e-5,0.006714688748806524
0.0918335183513846,0.011018245311249527,0.0008057761469781532,0.007979822485728996
0.11570313322359269,0.0025742683787192758,0.0008270831364622247,0.001625056057272592
0.10622327486572138,0.009711836033309102,0.0009356150947364859,0.0014929778230871632
0.10316042664404121,0.014128310541759467,0.0006092546052861769,0.0018968538761145813
0.0843049827632855,0.028113084561506088,0.00021541970930981832,0.0014362649686864998
0.102035278369797,0.023763312376924892,4.105613727463381e-5,0.0077199550745963
0.11533452108770675,0.008960070966235939,0.0004954861961487369,0.002901113894038659
0.08398845571758815,0.01249129012934942,0.0008584019363522028,0.012230721565115565
0.0725120644718026,0.012042627983018092,0.0013851611214495835,0.006866670420430068
0.1006238827122504,0.015856281392402083,0.0005078042554306327,0.0002145092620111241
0.10304689628156302,0.02095260954932862,8.089010765763418e-5,0.005511567540850522
0.0677829957954751,0.03742459429132853,0.0007864501922628651,0.0012246232951961748
0.10351232353914637,0.004765541133066347,0.00041065845011205375,0.005320976384432531
0.09235322549880526,0.03211181222894148,3.763646711681184e-5,0.005833958046392823
0.08792347300128739,0.018456899054223215,0.00046812208089188706,0.011518832120643497
0.09507323222206393,0.0019291840425975613,0.0006667308989820281,0.01619549945705076
0.07940771044557793,0.025972997909004245,0.00043235983221520674,0.013952302702233528
0.056353201749814175,0.018799730866128454,0.0008102154904302869,0.023287396414648356
0.08927808973723902,0.018116926569711568,0.0006967016737833353,0.006309251172868041
0.0836759528365779,0.01828025978143662,0.00028055041789424386,0.025909267037427585
0.10918444597133764,0.0021207560829069436,0.0004042666353982982,0.01058570691221218
0.10571548144394168,0.004139124545521225,0.0009032147745365612,0.00046149709923322716
0.08676673752994558,0.01974923249654837,0.0005676137656735206,0.0037914333702326296
0.07431210994053208,0.03463777087023628,0.00012777914360823315,0.008573746608318441
0.1152112931788401,0.005381376431759609,0.00032462965208534373,0.0018907050674150734
0.09843592452867161,0.00023950246718649356,0.000381042187341821,0.029360604409861994
0.1268485543490921,0.0014323501758377367,1.9749339293231982e-5,0.016000600989706685
0.08852203244641813,0.01725374091199465,0.00024016349928460034,0.010134532499636546
0.09466555293420326,0.004768829369536266,0.00042332920494036623,0.013947104185044043
0.08747583388393765,0.0019139448257501984,0.0004887149348052938,0.023457261888703822
0.10265395141194984,0.007064408217492552,0.00019324893810645046,0.012495800768175032
0.061481417643215075,0.040867199606984435,0.00014555330090132123,0.00938152905339481
0.1132695923994563,0.012163279069413325,0.00012622084866617701,0.0022820794969377646
0.10267919291235073,0.007664374949167634,8.471125440590277e-5,0.016095251361345844
0.09928542482640673,0.017271302641814677,0.00010032789340280424,0.01373627359387923
0.07893752916804458,0.03458062606471606,5.821843543301527e-5,0.0032659309166909317
0.10501919597893805,0.01930709314480594,0.0004547996291137644,0.0008690540901608292
0.07537431816195227,0.019255023181519483,0.0011989535128502685,0.0030476620918014692
0.09894911566173696,0.015498076842009722,0.0003774395055780153,0.006216427958237213
0.11257775948792186,0.006820995062906884,0.00030891435582124294,0.006853544506846209
0.11057524149797182,0.009527695401748217,0.00048473536827684237,0.004966843265080179
0.06927483867987916,0.014578399874496228,0.0007493322680460832,0.021330514442886406
0.0904034979086731,0.003756426711333249,7.413833703570387e-5,0.03336532725651663
0.0997181458493937,0.017200853662067465,0.00045107239326812765,0.01063278572913633
0.10601822981792615,0.011999391215064523,0.000427974496470964,0.005954392938357244
0.08154476487368914,0.02388536866171501,0.0002139358005836312,0.010696865891530773
0.07218436505436299,0.0307740912230927,0.00026052165125234415,0.011322737770366166
0.0952027561974644,0.00685850310799137,0.0002829952186628572,0.02630399449708791
0.10441243402824589,0.018506767226233362,0.00021115522254489457,0.0009856185577032267
0.08521094524448106,0.017198558700667062,0.0007744585336803894,0.010923023600008018
0.0627689442141964,0.024097115963277602,0.0003844105668967414,0.02182418805917633
0.11170148086090617,0.004003120238820701,0.0005070539438434457,0.009173885746712273
0.10465797770653452,0.009765693130667401,0.00037903598924407756,0.008903025174432316
0.06300288758720445,0.03076930097858982,0.0009188393526469923,0.0006896302946030751
0.0978508075260794,0.0038288637740471754,0.0004739422572743263,0.018806990775140673
0.12953814608229894,0.00144377405786035,2.2758313551832456e-5,0.009483968232681375
0.08493783617018835,0.015144036400813481,0.0009160777107716937,0.0005913771127932459
0.10537610259367625,0.0017801873638060677,0.0005235041995230655,0.023011233641376895
0.06288916514000044,0.038311103638208874,0.0002477172047005622,0.01388083790640403
0.12067638818011447,0.010724262382716256,8.117702629899399e-5,0.003536903750082103
0.09115154050070834,0.012858477267526126,0.0005939461618093238,0.004970804989026619
0.06842810006641777,0.03956017533801351,0.00010944271931262823,0.004924088581819893
0.09230015110236335,0.005814910224113981,0.0011842710587186066,0.0017374571248536348
0.1043701913166496,0.005125626947967791,0.00016595545479210067,0.02118617607049108
0.07119758280155117,0.025449305855756364,0.0004282860502397403,0.016863396026672507
0.11702169631568449,0.0009648541087186734,0.00021560612627434842,0.02234278701148313
0.0978895621200931,0.013292457696606093,0.0008238524663035779,0.0036656575944134045
0.04755567297138498,0.05152090372650965,0.0002779465583133625,0.006148312664159695
0.10737172297930929,0.00708865133584528,0.00035712099467945875,0.006775647397779517
0.0937581344555879,0.012833538525990873,0.0006913101193608888,0.009881767703053457
0.10307561148031277,0.014231213665138666,0.00031291949893362254,0.0032179225069136775
0.10991581990319878,0.008244165458437768,0.0008222520850916724,0.0029729490612677234
0.09011538945165008,0.015845926774825166,0.00012885396079977948,0.017063087880565674
0.08447701101464242,0.018208646871121243,0.0002165449272409782,0.01788262743798713
0.1033343380070423,0.015997127279907694,4.725636247166751e-5,0.00659690555863244
0.11179707205469228,0.0040355596973492185,0.000474560875759151,0.0055327913692693595
0.10132095589529924,0.023410498916483977,1.2699345102111808e-5,0.002302353833996321
0.11300675164635907,0.01699006093811362,6.159162077559067e-7,0.0016833605379057287
0.09997873345594081,0.005883278888654507,0.000760558844177428,0.007245571997182872
0.09697020867620375,0.0033180730006227097,0.0008001746607380103,0.008661894533914152
0.10604259114432149,0.0029960708364483732,0.00045149625061381086,0.012420274963388475
0.056986092462100714,0.04866080226972814,0.00016407961575399114,0.008213298419953243
0.10596401679697745,0.0043183206023393456,0.0005447834930886636,0.009482871352613562
0.09910900382224294,0.009941182737440142,0.0005856609597561172,0.006287567470580124
0.08796415205552922,0.02658876136874848,0.00037126859357223695,0.0059699939939817535
0.1007045319170673,0.012627450800616441,0.000725928007501278,0.004158481570480911
0.09749008798311358,0.0066966324325046026,0.0006979173594023255,0.006738217195417618
0.0993044276175955,0.005848198200780382,0.00037452131931930657,0.014078025250942624
0.10691207011865961,0.012012703790516976,0.00019979555359281965,0.005224982802085058
0.10161766033719631,0.017210192185183933,0.00024340381692922568,0.004879151587189996
0.0693386365438284,0.031133868661617697,0.0006284053350309311,0.00706530100310464
0.11601471270004454,0.0012936882464336023,0.000671871472206505,0.007591644964852876
0.11106371726275206,0.0037176587237137447,0.0005497000538186443,0.006560867991272394
0.08044738402632368,0.03597991180205777,0.0003018845612902379,0.0009547146354665011
0.1073150580133783,0.006321286474116176,0.00023831898265122233,0.018678910468626936
0.10563389055674112,0.0005718887286018419,0.0003132059454594314,0.01601375094844481
0.08356493899866457,0.010517476113438876,0.001096836661891146,0.0026709047996914402
0.11296154250167127,0.0020655389165048672,0.00041999883377254296,0.011337769312445909
0.10207798516961074,0.014119365405399922,0.0002756844508121046,0.014443791056003194
0.11147286446068314,0.00798781147017848,0.0007164211774886412,0.002950309401136817
0.0715514096707095,0.02808054901327766,0.0011912957408267114,0.00021551425791565038
0.10734752539475989,0.010241338499665248,0.00020634127178262654,0.009009930873465565
0.022051828807261142,0.06538472809673691,0.00029207615425317187,0.007212624958414314
0.10351501098472132,0.004065580790540171,0.0005988797583893395,0.004747033078335
0.0807540158118373,0.010072367502534733,0.0009579866540484595,0.009048108783138019
0.1216076154692076,0.0032336825775926867,0.00031872891743542814,0.006246347920753339
0.09703013568650597,0.017376061365972997,0.0001580414336100323,0.01450287814597578
0.09703983489264777,0.005851345510355612,0.00028456536196226693,0.02946991982699996
0.11193449716095538,0.004953231724509188,0.0007412432865659605,0.005621411013266488
0.09453461109770563,0.011216282733284746,0.0006678260804202025,0.00847912274016979
0.11313864512612161,0.009496001488818266,0.0003032766315998472,0.005384748576579331
0.11892963239599008,0.0015437355469637727,0.00029562081568441576,0.014373051183289203
0.10599085488033295,0.029103486842526564,1.2357940950695957e-5,0.0023519835723492754
0.09242258330044258,0.0004944960565134494,0.0010411804123842557,0.01004343524285982
0.09031436070633518,0.02211109275860524,0.00033064253795911115,0.00021202531960728326
0.11062758335948701,0.004561469226712594,0.00037752722168505595,0.013547757900500999
0.08415958478978953,0.024573042840396183,0.00010512314323175754,0.010057212636489602
0.08739797343367486,0.023414611577338224,0.00035863410428483157,0.004499927371386857
0.08682745328242719,0.012887625673102632,0.0006411351095888994,0.009808194980872757
0.09207319927987388,0.021548580063675604,0.0005815983423142976,1.5153928526916954e-5
0.044975002258160326,0.0033596572141400484,0.001928753890009624,0.016028494713607636
0.11804607780614772,0.00288831047803353,7.792449335204145e-5,0.019582111077459594
0.10100786190687137,0.00950150553954864,0.0003059274612606424,0.009540571964262614
0.06623364084742993,0.03298677777188508,0.0007624617774662084,0.00013302948025831175
0.049966156694018826,0.05710849833239909,5.228005890023432e-5,0.010701422006433866
0.07657782608916863,0.011582121916306467,0.0004638377584760109,0.029212740648141222
0.10680903877216151,0.013505877939523632,0.000453324977605066,0.0016972790795281732
0.10670182791849335,0.01849112763395012,0.00023969083462148014,0.005324030157503459
0.11475487776657338,0.008278240335270113,0.0003425731243741685,0.00754450009489955
0.09199898542191165,0.011383415668398901,0.0007621099000093024,0.0002623348930400275
0.08650075008920974,0.01765863868473248,0.0004300015551861774,0.005712930292184688
0.10316976631121696,0.007545926589873594,0.0005838320877737483,0.0008785532666732665
0.10224259296026068,0.0005670181979285572,1.376555513812614e-5,0.02238338846540683
0.11046254625736507,0.014955690321627293,5.0701340997413874e-5,0.005566170465122675
0.0985058256918022,0.011167789203107898,0.0006347224272074585,0.0048424316908433135
0.05794073551162279,0.02888636191472884,0.0012162474908956392,0.0043539117796483635
0.08864877260633607,0.03257111972906473,3.8842838843280704e-5,0.0025544109193324617
0.13095058616330418,0.000282365721366383,2.046578240099151e-5,0.0073253820398768085
0.061314120068319926,0.01417590321704578,0.0004516974037473172,0.03526848933833569
0.09612836041654205,0.017151771679996958,0.00066336664260091,0.004768691698415309
0.08857791453287878,0.008625187730502982,0.00018183725781927175,0.02117158812415874
0.1352155742808049,0.0076154362145134475,0.00020243563468068246,0.0016978830716683363
0.10345708325710043,0.022937893978981216,0.0003184605534150643,0.0021665725986427416
0.09463955955332135,0.004926323055523799,0.00011892512764037246,0.027015518182503306
0.0843821451466967,0.031700789566442227,0.0002969513291763396,0.0003680826185435504
0.08422334918435422,0.019625004800833203,0.00021765602978839917,0.006687541681065703
0.0694425475459319,0.030091145376687747,0.00020135609012142004,0.016449298511697387
0.09752907390461549,0.021191640675468543,2.6848337754401464e-5,0.0076352153020598675
0.10119931777998495,0.0157963708590935,0.00026463017081807325,0.0025405460522780012
0.060891545682236155,0.03773856725460427,2.2684034999236577e-5,0.021705638048561526
0.08539593161614195,0.027059922811162925,0.000587121213615214,0.0014772266243539224
0.0956466263032184,0.021476920007871332,9.656247171548529e-5,0.00588706823678677
0.07568406946204247,0.030503399504366667,7.872315058645148e-5,0.012772576981144442
0.10626022612938016,0.006545320510098096,0.0006635341853709568,0.004385922858258563
0.09932651769101729,0.0011166820885372447,0.00021238534030339703,0.02182136430965725
0.08503760585646741,0.018929325021767238,0.00025044644559092606,0.0070341938231978755
0.06173840287078857,0.03872349743700871,0.0003454864587412091,0.008446245155692375
0.10462004951411757,0.012252456803642887,0.0006921790370277108,0.0020766554324044453
0.06183774891777039,0.04935771089595063,0.00013793545154034697,0.0016101790766028857
0.0892277357104479,0.014264920995821957,0.00047197043874465486,0.011411113972910331
0.08441886500271872,0.02690490835851543,0.00044802154898867825,0.001358792964185922
0.05031026720108327,0.051249031505989244,2.337253930815819e-5,0.014545149678686989
0.09311728686917997,0.011367579651369654,0.00010525536808676087,0.023449505641907707
0.11141128354932615,0.01817146947844584,0.00010407377595240997,0.00039570227195812285
0.10579270313418389,0.00726206179179464,8.059067552335469e-5,0.021077102671607284
0.08792012405878923,0.027853548799696436,5.204293092438415e-5,0.011915710116167577
0.10715857749242134,0.008643185996673974,0.0006319776059771516,0.0036487054937327204
0.07381223144421535,0.01645978025718017,0.0001662138859498556,0.03455332570384037
0.067880863581374,0.04910851657021227,0.00021915176145109548,5.738484363577906e-5
0.10120266900657401,0.0062704211427853694,0.000804867607917818,0.00034931800328084477
0.08967398119562058,0.022744112538465554,0.00017401457412777603,0.015418158843785622
0.09847537947323211,0.004718416814402074,0.0004570522774723401,0.007813197028485335
0.08441956157174156,0.01969192219477944,0.0004071606793713672,0.010443977125619085
0.08315881365748815,0.033406771422213676,0.0002617407634029951,0.00304217744358387
0.07167002912829606,0.045502693939027374,0.00011200969547715433,0.00405178380609121
0.11530941764962246,0.013391255339654306,0.0003470847506156543,3.3673126500398184e-5
0.07188442170963219,0.02795246475138722,0.00032307510898699524,0.007592258353624675
0.09989892170215788,0.00733731891864836,0.00021912993422690066,0.02243975398643568
0.12470747393942778,0.0037432361680283808,0.0002868017828418915,0.008183936684054026
0.06664375333212319,0.03421418675050963,0.0003918027329859194,0.008813901660693424
0.09995157198494295,0.009587723440242094,0.000918286139916806,0.0031223607867050646
0.08826292455143875,0.004382053394958152,0.0009238913330435428,0.01556568977408991
0.1034700026348659,0.01130410414909947,0.00042014060890927787,0.003572480848222408
0.09182797095300697,0.0028469955989018653,0.0006342880995004041,0.016749630970596365
0.06253072193325311,0.027138950962408606,0.00047792507370609074,0.014687119604462928
0.05753167423786549,0.03185091115315248,0.0006426954113518173,0.006690892879052013
0.09553538726446734,0.012011117231681094,0.0004986762316773381,0.006041024425031408
0.09678529602445139,0.004551645444005616,0.0010554207740273828,0.0016065291539245467
0.06579283738215488,0.01459563747192709,0.0014430594306450565,0.01771355268024553
0.10129328338002044,0.010527560158467331,0.0006345897274477476,0.0029161924362703863
0.10754558245282755,0.004527945959952174,0.0003221060122854639,0.011772916057583958
0.09999801386214154,0.008397537133940458,0.0006470196369497049,0.0038119567286487087
0.04212442289266523,0.037311744334471784,0.00036184954102869583,0.03092564341731694
0.07302465217950331,0.025077158287228847,0.00040848969084472886,0.004338530584892111
0.0680810946568169,0.03939375681397267,0.00011685056161429059,0.0029592415082772116
0.10772318948104427,0.013492494196120648,0.0002569984861060689,0.006200966972414879
0.0918995381997915,0.013086179769994336,0.0004927443104843542,0.012693800618760636
0.1053908503289418,0.006537256045656175,0.00020575770660082233,0.02033309292659264
0.09104602773276278,0.02112782158378353,0.00015122175826262415,0.009655682008351657
0.08372601219626426,0.02858635080240059,1.3142218654564692e-5,0.010328226152556248
0.1089583875307666,0.0005574992192788724,0.0008714152080419672,0.008120466023767365
0.09460006490995013,0.02219458496264032,0.00025925237017395455,0.0055675468223241745
0.10178236733193723,0.009846304103312368,0.00020611893045734592,0.011502059325091905
0.09754065482799923,0.01954422359744682,0.00012047049481385042,0.006309852121294878
0.09097624598009343,0.002819386074526438,0.0005472659894457521,0.02053827025175522
0.09013762763305534,0.029637235085627822,0.0002221223528661693,0.0007473429816016939
0.0665794163011756,0.03306901885585175,0.00035780976211637516,0.011053288550756468
0.09765391082263793,0.016841760679591936,0.0002995407824917666,0.0032636889058597824
0.10224930592139905,0.017656598104805712,0.0005341186838020597,0.0005417966501068007
0.07923589882370818,0.040244046213,0.00021477554320084227,0.0004840824444235906
0.11098961337546241,0.0012811866909657654,0.00028688380533931583,0.019121749905396213
0.08614842467593951,0.007170238723684411,0.0003108597282704663,0.024575831324006373
0.0737597968931216,0.0223273755546328,7.121394647988913e-5,0.022269231692157825
0.08401420385560722,0.008434059272697216,0.0004427274781033299,0.03202635049336964
0.10477881980205192,0.0008756774552982599,0.0004736124708964963,0.01762595996191575
0.08289826617523673,0.020950885150386102,0.0010166585662092816,0.001219649085163181
0.09496173002120802,0.006818739581538407,0.0001683553110423845,0.02518831774186668
0.09622218064531537,0.016899009811834436,0.0001827293145522427,0.011482109878895265
0.09037697011263023,0.01605000386047294,0.00043711297306539695,0.013020910424871152
0.10297488643483428,0.0003861097157496874,0.0002537207455869461,0.016507452619022242
0.09119919143134632,0.03025338943468977,6.197854812567157e-5,0.009802633740961594
0.10341798951623678,0.001264540339504718,0.0008282412563195032,0.0010143866168046986
0.04933303993868172,0.02096434746493341,0.0015094714365138906,0.005714937990807001
0.12032227307053299,0.0036064451707147715,0.0005002588994162553,0.0028165006700000598
0.11341073630260953,0.012749535693938935,0.00025556621870663726,0.0006358944725829079
0.13882642890634805,0.0032173329974174224,2.3134200377003807e-5,0.0017292836013616066
0.08640657884094691,0.014137326596093472,0.0011622789409177102,0.0005872645937346123
0.07776624525169441,0.038115591047654544,0.00012185922134996388,0.0011588419075607083
0.0996266188866635,0.02423278642059164,0.0003922076780872878,0.004053779269405065
0.11866890057329423,0.003991008740651131,0.0007323732464100844,0.0001718316908175086
0.09302775795613984,0.014638368989385591,0.0008903437395431784,0.0026527823314666976
0.07818788650781039,0.002001485574207015,0.0017802729125630098,0.0018611228462033003
0.10774685688896872,0.0042753882400690885,0.0005438010612933525,0.010372527829411999
0.0981013289481806,0.020775172898163233,0.00010597988459014367,0.014404275386806642
0.09516130530773245,0.012127316418630841,0.00035267950739957884,0.01436333238983768
0.10515621008629851,0.00032523493500482474,0.0003270248107946713,0.02040772155820936
0.08229592088710083,0.01134308866655641,0.00033461972516565726,0.012007118150344399
0.09763702422667449,0.007279894213855781,0.0002058088903259394,0.01927641160992121
0.11988856540499018,0.005647165344443892,0.00021540914653009452,0.00308991333623487
0.07506230559110309,0.03835130441054552,0.0001705593030005335,0.0043926277848864385
0.08771389893043392,0.006654243167867203,0.00013159716147201207,0.03128373862380793
0.10963901909704107,0.009845378207399802,0.00014375955713644885,0.012221060644729944
0.06471428362436671,0.027568081993216247,0.0006521301698175106,0.012929895955465957
0.10320070435222918,0.007031439988888303,0.00027730689702501596,0.020058638496478036
0.10111669792909339,0.023085431623948504,6.193608286101384e-5,0.001658674392414238
0.07259934652299337,0.024314406013822266,0.0006318525240414782,0.0066474167460362655
0.10725711030871636,0.01510485989666377,0.00021306176094675947,0.0018250043521520988
0.12828899517312906,0.0013335561247646318,1.1442358553983977e-5,0.008017564782613045
0.10478801750812299,0.002032257958330123,0.0005330873922393646,0.010265509352229245
0.07419607291825871,0.0350734473766596,0.00023333676401846704,0.006435967257711279
0.08782985838244693,0.00560942102811584,0.00041253888759666614,0.02316026057933498
0.11128577409108362,0.0031347500669133867,9.858054621132845e-5,0.018111423906597913
0.08621228223691041,0.009826904809284663,0.00039502022944762127,0.02631062348410756
0.13031336240609492,0.006284363649492625,0.00021047351553252425,9.970945797853823e-5
0.10181760982668511,0.0022887894892013967,0.00025203358059482263,0.015667959413916105
0.07639554940024473,0.014277490322861765,0.00041860889178200626,0.027335021658700605
0.08878575073779339,0.015525447197188633,0.0003774722426503727,0.014280529531277284
0.10658985326346666,0.012247724090444506,0.0005055610686626902,0.003314032455196939
0.10526465106317191,0.004073758010633903,0.0005446991502235832,0.01215956664289653
0.08218804179448301,0.006844525225947932,0.000759762763040451,0.017873306545615444
